id,name,incidents
26-341,Vive Health Bed Rails,Vive Health has received two reports of entrapment deaths associated with one model of the recalled bed rails. The deaths occurred in September 2024 and involved a 97-year-old man at an assisted living facility in Texas and a 93-year-old man at his home in Florida.
25-415,KidKraft Farm to Table Model Play Kitchen,"In February 2023 in Oregon, a 23-month-old child was asphyxiated after his shirt got caught on one of the hooks while climbing and crawling through the opening at the back of the play kitchen where the toy kitchen accessories are held. The child was unable to rescue himself and died from strangulation and asphyxia."
25-069,Elongdi Magnetic Building Sticks Sets,"None reported. CPSC estimates 2,400 magnet ingestions were treated in hospital emergency departments from 2017 through 2021. CPSC is aware of eight deaths since 2005 through 2021 involving the ingestion of hazardous magnets, including two outside of the United States."
25-046,Medical King Bed Assist Rail adult bed rails,"Medical King has received one report of a death involving the Bed Assist Rail with Adjustable Heights, model number 7007. In November 2023, at a residential care facility in South Carolina, a 66-year-old man died after becoming entrapped between his mattress and the bed rail."
25-009,All Models of Fisher-Price Snuga Swings,"Between 2012 and 2022, there have been reports of five deaths involving infants 1 to 3 months of age when the product was used for sleep. In most of those incidents, the infants were unrestrained and bedding materials were added to the product."
24-744,Hayden Bookcase,"In August 2023, Dania Furniture received one report of a tip-over incident with an unanchored bookcase that resulted in the death of a 4-year-old child."
24-265,"1 Set Puzzle ""Magnetic"", ""Magnetism"", or ""Magnetism Intelligence Strategy Game"" Magnetic Battle Chess Games","None reported. CPSC estimates 2,400 magnet ingestions were treated in hospital emergency departments from 2017 through 2021. CPSC is aware of seven deaths since 2005 involving the ingestion of hazardous magnets, including two outside of the United States."
24-179,Endurance® Hand Bed Rails,"CPSC previously announced the recall on December 22, 2021, following the entrapment death of an 86-year-old man in California. He died at his home in December 2012, reportedly from the Endurance Hand Bed Rail (model P1410). Since that recall was announced, two additional entrapment deaths have been reported. In December 2022, an 86-year-old man died at an assisted living facility in Connecticut, and in August 2023, a 99-year-old man died at his home in California."
24-175,Magnetic Beads HIGH POWER 5mm,"None reported. CPSC estimates 2,400 magnet ingestions were treated in hospital emergency departments from 2017 through 2021. CPSC is aware of seven deaths since 2005 involving the ingestion of hazardous magnets, including two outside of the United States."
24-147,216-Piece 5mm Magnet Balls,"None reported. CPSC estimates 2,400 magnet ingestions were treated in hospital emergency departments from 2017 through 2021. CPSC is aware of seven deaths involving the ingestion of hazardous magnets, including two outside of the United States."
24-144,"Magnetic Stones Toy Creativity Development DIY Magnetic Beads, 5mm (.2 inch)","None reported. CPSC estimates 2,400 magnet ingestions were treated in hospital emergency departments from 2017 through 2021. CPSC is aware of seven deaths since 2005 involving the ingestion of hazardous magnets, including two outside of the United States."
24-097,"Magnetic DIY Balls Magic Cube, 5mm","None reported. CPSC estimates 2,400 magnet ingestions were treated in hospital emergency departments from 2017 through 2021. CPSC is aware of seven deaths since 2005 involving the ingestion of hazardous magnets, including two outside of the United States."
24-096,Fishing Games,"None reported. CPSC estimates 2,400 magnet ingestions were treated in hospital emergency departments from 2017 through 2021. CPSC is aware of seven deaths since 2005 involving the ingestion of hazardous magnets, including two outside of the United States."
24-071,"Relax 5mm Science Kit, Large Hematite Magnets Magnetic Stones Building Blocks","None reported. CPSC estimates 2,400 magnet ingestions were treated in hospital emergency departments from 2017 through 2021. CPSC is aware of seven deaths involving the ingestion of hazardous magnets, including two outside of the United States."
24-048,"Colorful Metal Neodymium Magic Magnetic Balls - 8 color, 5mm","None reported. CPSC estimates 2,400 magnet ingestions were treated in hospital emergency departments from 2017 through 2021. CPSC is aware of seven deaths involving the ingestion of hazardous magnets, including two outside of the United States."
24-002,Cocco Candy Rolling Candy,CPSC has received one report of a 7-year-old girl who choked and died after the candy's rolling ball dislodged and became trapped in her throat in New York in April 2023.
23-286,Chuckle & Roar Ultimate Water Beads Activity Kits,Buffalo Games received one report of a 10-month-old child's death from swallowing the recalled water beads in July 2023 in Wisconsin. Buffalo Games also received a report that a 9-month-old child was seriously injured in November 2022 in Maine from swallowing the water beads which caused an intestinal obstruction requiring surgery to remove them.
23-177,Luxor A/V carts,"Three children have died, and one child was seriously injured in incidents where recalled A/V carts carrying a ""box"" shaped television (CRT TV) tipped over and landed on them. The incidents occurred between 2006 and 2016."
23-088,All models of Rock 'n Play Sleepers,"On April 12, 2019, at the time the original recall was announced, over 30 fatalities were reported to have occurred in the Rock 'n Play Sleepers after the infants rolled from their back to their stomach or side while unrestrained, or under other circumstances. Since the recall, approximately 70 additional fatalities have been reported, which includes at least 8 fatalities that were reported to have occurred after the initial recall announcement. Approximately 100 deaths have reportedly occurred while infants were in the products. Fisher-Price notes that in some of the reports, it has been unable to confirm the circumstances of the incidents or that the product was a Rock 'n Play Sleeper."
23-089,All models of Kids2 Rocking Sleepers,"A total of 15 infant fatalities were reported to have occurred in the Kids2 Rocking Sleepers, after the infants rolled from their back to their stomach or side while unrestrained, or under other circumstances. Eleven deaths were reported to have occurred before the recall, (including five deaths previously reported by CPSC and Kids2 at the time of the original recall). Four fatalities were reported to have occurred after the recall was announced. Kids2 notes that in some of the reports, it has been unable to confirm the circumstances of the incidents or that the product was a Rocking Sleeper."
23-078,PillowfortTM Weighted Blankets,"A 4-year-old girl and a 6-year-old girl reportedly became entrapped in the cover of the weighted blanket and died due to asphyxia at Camp Lejeune, North Carolina in April 2022. Target has received four reports of children becoming entrapped in these weighted blankets, including the two fatalities."
23-027,Goalsetter wall-mounted basketball goals,"A 14-year-old boy was killed when the recalled Goalsetter wall-mounted basketball goal fell on him in Granger, Indiana in June 2018. Goalsetter has received four reports of incidents of the wall-mounted basketball goal detaching from a wall, including the boy's death. In one of the other incidents a consumer sustained severe facial injuries, and in another incident a consumer sustained a fractured leg."
22-200,"4moms MamaRoo Baby Swing, versions 1.0 through 4.0 and RockaRoo Baby Rockers","4moms has received two reports of entanglement incidents involving infants who became caught in the strap under the unoccupied MamaRoo infant swing after they crawled under the seat, including a 10-month-old infant who died from asphyxiation, and a 10-month-old infant who suffered bruising to his neck before being rescued by a caregiver. No incidents involving the RockaRoo have been reported."
22-101,DigitDots 3mm and 5mm Magnetic Balls,"HD Premier is aware of four children who have ingested DigitDots and required surgery to remove the magnets. In addition, CPSC is aware of other reports of children and teenagers ingesting other companies' high-powered magnets and requiring surgery, including two deaths."
22-040,Carex Brand Adult Portable Bed Rails,"Compass has received three reports of entrapment deaths associated with the Bed Support Rail (model P566), which occurred between April 2014 and June 2020, and involved an 85-year-old man at an assisted living facility in Ohio; an 84-year-old woman at her home in California; and an 88-year-old woman at an assisted living facility in Washington. In each incident, the bed rail was not securely attached to the bed and the user became entrapped between the product and their mattress. Compass Health Brands has not received any reports of entrapment incidents involving the Easy Up 2-in-1 Bed Rail (model P569)."
22-036,Angel Line Bunk Beds with angled ladders,"A 2-year-old boy from Columbus, Ohio died in May 2018 after he was found unresponsive in a gap in the bunk bed ladder."
22-039,Endurance® Hand Bed Rails,One entrapment death has been reported involving the Endurance Hand Bed Rail (model P1410). The death occurred in December 2012 and involved an 86-year-old man at his home in California.
22-025,Bed Assist Handles and Bed Assist Rail,"Drive has received two reports of entrapment deaths associated with two of its Bed Assist Handle bed rails (models 15064 and RTL15073). The deaths occurred in February 2011 and February 2015, and involved a 93-year-old woman at her home in California, and a 92-year-old man at an assisted living facility in Canada."
22-007,Better Homes and Gardens Essential Oil Infused Aromatherapy Room Spray with Gemstones,"CDC tested a version of the product and determined that it contained the dangerous bacteria Burkholderia pseudomallei which causes melioidosis. CDC has been investigating a cluster of four cases of melioidosis in the U.S., including two deaths. Cases were reported in Kansas, Minnesota, Texas and Georgia, including a child fatality."
21-198,"Boppy Original Newborn Loungers, Boppy Preferred Newborn Loungers and Pottery Barn Kids Boppy Newborn Loungers",There have been eight reports of infant deaths associated with the Boppy Company Newborn Lounger and this hazard.
21-179,Zen Magnets and Neoballs Magnets,"Zen Magnets LLC is aware of two children who ingested Zen Magnets and required surgery to remove the magnets and parts of their intestines and bowels. In addition, CPSC is aware of other reports of children and teenagers ingesting high-powered magnets and requiring surgery. A 19-month-girl died after ingesting similar high-powered magnets."
21-147,Fisher-Price 4-in-1 Rock 'n Glide Soothers and 2-in-1 Soothe 'n Play Gliders,"There have been reports of four infant deaths in the 4-in-1 Rock 'n Glide Soother. The infants were reportedly placed on their backs unrestrained in the product and later found on their stomachs. These incidents occurred between April 2019 and February 2020. The fatalities were a 4-month old from Missouri, a 2-month old from Nevada, a 2-month old from Michigan and an 11-week old from Colorado. There have been no fatalities in the 2-in-1 Soothe 'n Play Gliders."
19-116,Libra style 3-drawer chests,"South Shore has received two reports of tip-over incidents involving the recalled chests of drawers. One report stated that a child received bruises on his leg and scratches. Another incident reported a fatality involving a two year-old and an unanchored, empty 3-drawer chest."
19-112,All models of Kids II Rocking Sleepers,"Since the 2012 product introduction, five infant fatalities have occurred in the Kids II Rocking Sleepers, after the infants rolled from their back to their stomach while unrestrained, or under other circumstances."
19-105,All Models of Rock 'n Play Sleeper,"Since the 2009 product introduction, over 30 infant fatalities have occurred in Rock 'n Play Sleepers, after the infants rolled over while unrestrained, or under other circumstances."
18-040,Children's and adult chests and dressers,"IKEA has received 186 reports of tip-over incidents involving the MALM chests and dressers, including 91 reports of injuries to children. In addition, IKEA has received 113 reports of tip-overs with other recalled IKEA chests and dressers, including 53 reports of injuries to children: There have been eight reports of child tip-over related deaths with the recalled chests and dressers. The most recent reported death in May 2017 involved a 2-year-old boy in Buena Park, Calif. after he became trapped beneath an unanchored MALM 3-drawer chest that tipped over. Previously reported deaths with MALM dressers or chests include: February 2016: A 22-month-old boy from Apple Valley, Minn. died after an unanchored MALM 6-drawer chest fell on top of him. June 2014: A 23-month-old boy from Snohomish, Wash. died after he became trapped beneath an unanchored MALM 3-drawer chest that tipped over. February 2014: A 2-year-old boy from West Chester, Pa. died after an unanchored MALM 6-drawer chest tipped over fatally pinning him against his bed. September 2011: A 2-year-old boy from Woodbridge, Va. died after an unanchored MALM 3-drawer chest tipped over and trapped him between the dresser drawers. Previously reported deaths with other model IKEA chests and dressers include: July 1989: A 20-month-old girl from Mt. Vernon, Va. died after an unanchored GUTE 4-drawer chest tipped over and pinned her against the footboard of a youth bed. March 2002: A 21⁄2-year-old boy from Cranford, N.J. died after an unanchored RAKKE 5-drawer chest tipped over and fatally pinned him to the floor. October 2007, a 3-year-old girl from Chula Vista, Calif. died after a KURS 3-drawer chest tipped over and fatally pinned her to the floor. It is unknown whether the dresser was anchored or not."
16-204,Children's and adult chests and dressers,"Subsequent to the July 2015 announcement, CPSC and IKEA learned of additional tip-over incidents, including a February 2016 incident in which a 22-month-old boy from Apple Valley, Minn. died when a MALM 6-drawer chest fell on top of him.Most recently, CPSC has identified and provided to IKEA a fourth report of a fatality that reportedly occurred in September 2011. A 2-year-old boy from Woodbridge, Va. died after an unanchored MALM 3-drawer chest tipped over, and trapped the child between the dresser drawers.None of the chests or dressers in the above-listed incidents had been anchored to the wall. In addition to the four deaths, IKEA received reports of 41 tip-over incidents involving the MALM chests and dressers, resulting in 17 injuries to children between the ages of 19 months and 10 years old."
16-060,Bean bag chairs,"The two deaths involved a 13-year old boy from McKinney, Texas died and a 3-year-old girl from Lexington, Ky. who suffocated from lack of air and inhaling the chair's foam beads. Both children were found inside the chairs. An additional incident has been reported to CPSC involving a 6-year-old boy who opened bean bag and reportedly swallowed some foam beads and had others in his nose and mouth."
14-261,Bean bag chairs,"A 13-year old boy from McKinney, Texas died and a 3-year-old girl from Lexington, Ky. died after suffocating from lack of air and inhaling the chair's foam beads. Both children were found inside the chairs."
14-161,Children's wall-mounted lamps,"A 15-month-old baby became entangled in the TASSA NATT lamp's cord and nearly strangled. This incident, and the death of a 16-month-old baby who died after getting entangled in the SMILA lamp's cord, were reported in the previous recall. In both incidents, which occurred in Europe, the lamp cord was pulled into the crib by the infants."
14-056,Water-absorbing polymer toys,None reported. CPSC is aware of one incident with a similar water-absorbing polymer ball product in which an 8-month-old girl ingested the ball and it had to be surgically removed and two cases outside of the U.S. with one death.
13-106,Million Dollar Baby Dressers,"An 11-month-old boy from Tulsa, Okla. and a 20-month-old girl from Camarillo, Calif. were reported to have suffocated when their dressers tipped over, entrapping them between the dresser and the floor. The cause of the deaths has not been determined."
13-043,PeaPod and PeaPod Plus Travel Beds,"CPSC is aware of a death of a 5-month-old boy in December 2011 in New York, New York, who was found with his face pressed against the side wall of the tent. The cause of death was not determined."
12-239,Midwest Folding Products Stage and Riser Caddies,"A 3-year-old girl died in May 2011 in Greenville, S.C., from severe head trauma when a portion of a portable stage fell out of the caddy and onto her at a church."
12-232,Peg Perego Strollers,"A 6-month-old baby boy from Tarzana, Calif. died of strangulation after his head was trapped between the seat and the tray of his Peg Perego stroller in 2004. Another baby, a 7-month-old girl from New York, N.Y., nearly strangled when her head became trapped between the seat and the tray of her stroller in 2006."
12-179,Tots in Mind play yard tents,"CPSC is aware of 27 tent failures including one fatality and one serious injury that occurred between January 1997 and April 2012 from crib tents and play yard tents made by Tots in Mind, Inc. In 2008, a two year old boy died after becoming entrapped between the bottom rail of a play yard tent and the top rail of a play yard. The fatality was reported in a prior recall with the firm on July 15, 2010. In 2007, a two year old boy sustained a catastrophic brain injury when the crib tent affixed to his crib tent inverted and the product's broken rod trapped him at the neck. The remaining 25 reports to CPSC involved inverted crib tents-entrapments between the tent and the crib/play yard or failures of the tent fabric and zippers. Three of these 25 reports also resulted in injuries; in one such case, a parent reported finding her child turning blue and entrapped between the product and the top rail of the play yard."
12089,Expandable Insulated Lunch Box with Freezer Gel Pack,The firm has received two separate reports of a dog chewing and ingesting gel from the gel pack. One dog reportedly died from ingestion of the gel. The other was reported to have received treatment and has recovered.
11-036,"Roman shades, roll-up blinds and roller blinds","Roman Shades: CPSC received a new report of the death of a 22-month-old boy in Cedar Falls, Iowa who was found hanging by his neck from the outer pull cords of a Roman shade in May 2010. The outer pull cords were knotted at the bottom. He was rescued by his father but died later in the hospital. In March 2008, a 2-year-old boy from Ocean View, Delaware climbed up on a toy chest to look out of a window and became entangled in the inner cords of a Roman shade. His parents removed the cord. No permanent injuries were sustained. This incident prompted a previous recall.Roll-up Blinds: None reported.Roller Blinds: None reported."
10-344,nan,"In the April 2010 Simplicity recall, CPSC reported the death of a one-year-old child from Attleboro, Mass. who suffocated when he became entrapped between the crib mattress and the crib frame. In addition, CPSC has received reports of 29 incidents involving the Simplicity cribs where the cribs collapsed due to the metal mattress support frame detaching or bending. These include one child entrapment that did not result in injury and one child who suffered minor cuts when his head struck the broken mattress support bar. CPSC has received one report of a consumer who, in April of 2010, removed the Sorelle Prescott label from the crib and found a Simplicity crib label underneath. (The consumer purchased the crib in July of 2009, prior to the Simplicity mattress support recall.)"
10-309,Nap Nanny® portable baby recliners,"CPSC is investigating a report of a 4-month-old girl from Royal Oak, Mich. who died in a Nap Nanny® that was being used in a crib. According to preliminary reports, the infant was in her harness and found hanging over the side of the product, caught between the Nap Nanny® and the crib bumper. CPSC and Baby Matters are aware of one other incident in which an infant became entrapped when the Nap Nanny® was used in a crib, contrary to the product instructions. In that incident, the infant fell over the side of the Nap Nanny®, despite being harnessed in, and was caught between the baby recliner and the side of the crib. The infant sustained a cut to the forehead. CPSC and the firm have received 22 reports of infants, primarily younger than 5-months-old, hanging or falling out over the side of the Nap Nanny® despite most of the infants being placed in the harness. One infant received a bruise as a result of hanging over the side of the product."
10-303,Cozy Indoor Outdoor Portable Playard Tents Plus Cabana Kits,"CPSC is aware of a death of a 2-year-old boy in December 2008 in Vinalhaven, Maine. The boy was found hanging with his neck entrapped between the playard frame and the metal base rod of the tent that had been partially tied by pieces of nylon rope and partially attached by clips. The tent was tied to the playard because the child was able to pop off the clips. Apparently, the child became entrapped while attempting to climb out of the playard. In three other incidents, children were able to remove one or more clips and place their necks between the tent and the playard. The children were not injured."
10-254,Sprout Stuff infant ring slings,"CPSC and Sprout Stuff are aware of one report of a death of a 10-day-old boy in the recalled sling in Round Rock, Texas in 2007."
10-234,Toy Dart Gun Set,"CPSC and Family Dollar have received reports of two asphyxiation deaths involving a 9-year-old boy in Chicago, Ill. and a 10-year-old boy in Milwaukee, Wis."
10-177,"Infantino ""SlingRider"" and ""Wendy Bellissimo"" infant slings","CPSC is aware of three reports of deaths that occurred in these slings in 2009; a 7-week-old infant in Philadelphia, Pa.; a 6-day-old infant in Salem, Ore.; and a 3-month-old infant in Cincinnati, Ohio."
10-114,Dorel Asia cribs,"CPSC and Dorel Asia SRL received a report of the death of 6-month old child from Cedar Rapids, Iowa who became entrapped and strangled in a crib after the drop side hardware broke. The crib continued to be used after the parents tried to repair the drop side themselves. CPSC and Dorel Asia received reports of 31 drop side incidents. In six of those incidents, children were entrapped between the drop side and crib mattress. Three children suffered from bruises as a result of the entrapment. In addition, CPSC and Dorel Asia received reports of 36 incidents of slat breakage, including seven reports of bruises and scratches to children and two reports of entrapment that resulted in no injury."
10-079,"""Action Team"" Toy Dart Gun Set","CPSC and OKK Trading have received one report of the November 2007 death of an 8-year-old boy in Port Arthur, Texas. The child reportedly was chewing on the toy dart when he inadvertently swallowed it and it became lodged in his throat blocking his ability to breathe."
10-073,Roman shades and roll-up blinds,"CPSC has received reports of five deaths and 16 near strangulations, since 2006, in Roman shades and three deaths, since 2001, in roll-up blinds."
10-068,Roman Shades,"In February 2007, a 16-month-old boy in Painesville, Ohio died after becoming entangled in the exposed cord on the backside of a Roman shade and strangled. The child was found face down under a corner of the shade pulled into his crib."
10-067,Roll-up Blinds and Roman Shades,"No incidents or injuries have been reported involving Roman shades directly sold by Walmart. However, CPSC is aware of the death of a child from one of these Roman shades sold by another retailer. No incidents or injuries have been reported in roll-up shades."
10-056,Amby Baby Motion Beds,"Amby Baby is aware of two infant suffocation deaths in the Amby Baby hammock. In June 2009, a 4-month-old girl in Lawrenceville, Ga died in a baby hammock and in August 2009, a 5-month-old boy from Gresham, Ore."
10-051,"""Molly"" and ""Betsy"" Cribs","CPSC is aware of the death of a one-year old girl whose head and neck became entrapped in the headboard cut-out of the ""Betsy"" style crib in 2003 in Mississippi, following the 2001 recall. No additional incidents or injuries have been reported."
10-017,"Full Length Women's Chenille Robes, Women's Chenille Jacket, Women's Chenille Lounge Jacket, Women's Chenille Top","Since announcing the recall in April 2009, Blair has received nine reports of deaths allegedly due to the originally recalled robes catching fire. Blair has received one report on one of the additional garments catching fire; no injuries have been reported."
09-265,"Kolcraft, Carter's, Sesame Street, Jeep, Contours, Care Bear and Eric Carle Play Yards","The firm has received 347 reports of sides of the play yard collapsing unexpectedly, resulting in 21 injuries to young children, including bumps, scrapes, bruises and one concussion.Note: Some of the models of the play yards involved in this recall were recalled in September 2007 due to a strangulation hazard posed by the changing table, which resulted in the death of a 10-month child."
09-260,Simplicity Drop Side Cribs,"CPSC is aware of one death involving an 8-month-old child from Houston, Texas who became entrapped and suffocated between the drop side and the crib mattress when a plastic connector on the drop side broke. The child's death was previously reported by CPSC. CPSC also is aware of an additional 25 incidents involving the drop side detaching from the crib. In six of these incidents, the drop side detached because the plastic flexible tab deformed or broke. In four of the drop side detachment incidents, other plastic parts, including connectors or tracks, deformed or broke. In two of the incidents, two children became entrapped between the drop side and the crib mattress. There were no reported injuries."
09-241,Women's full length Chenille Robes,"Since the recall was originally announced in April 2009, Blair has received reports of six deaths due to the robes catching on fire. Five of the six victims were female, and all five were cooking at the time of the incidents. Three of the victims were in their 80s.CPSC and Blair announced the recall for the robes after Blair learned of three robes catching on fire, including one report of second-degree burns. Blair was subsequently made aware of the fatalities after the recall was announced and after Blair had sent letters of the recall to consumers who purchased the robes."
09-181,SunKids Convertible Cribs,"None reported with this crib. However, CPSC is aware of the death of a 5-month-old child in August 2008 involving another company's nearly identical crib that was recalled. The child became entrapped between the mattress and the mesh side and suffocated."
09-143,Radson Wall-Mounted Radiators,"None reported in the U.S. There have been 52 incidents reported outside the U.S., including one that involved the death of a child in Belgium."
09-090,Roman Shades and Roll-up Blinds,"No incidents or injuries have been reported with the Roman shades and roll-up blinds involved in this recall. However, CPSC is aware of the death of a child who became entangled in the lifting cord of a roll-up style blind whose manufacturer and retailer has not yet been identified and at least two deaths involving exposed inner cords on various styles of roman-style shades."
08-114,Entertainment Centers,The firm has received a report of a fatality when the entertainment center collapsed on a 19-month-old child. The firm has received three other reports of minor injuries involving the entertainment center.
08-085,Home Trend Kids 9 Canvas Bin Boy's and Girl's Organizers,CPSC has received one report of a death involving an 8-month-old boy who was asphyxiated after he pulled on the storage rack and it fell over on him. The top rail landed on the infant's neck. No other incidents have been reported.
07-307,Simplicity cribs,"CPSC is aware of two deaths in Simplicity manufactured cribs with older style hardware, including a 9-month-old child and a 6-month-old child, where the drop-side was installed upside down. CPSC is also aware of seven infant entrapments and 55 incidents in these cribs.CPSC is also investigating the death of an 8-month old child in a Simplicity crib with newer style hardware, in which the drop-side was installed upside down."
07-164,Magnetix Magnetic Building Sets,"To date, CPSC and Mega Brands are aware of one death, one aspiration and 27 intestinal injuries. Emergency surgical intervention was needed in all but one case. At least 1,500 incidents of magnets separating from the building pieces have been reported. Although the hazard was initially thought to be a problem primarily for children younger than six, it has since been learned that at least ten injuries involved children between the ages of 6 and 11 years old."
06-255,Ming TV Stands,"Pier 1 has not received any reports of injuries in the United States. Though, Pier 1 has received a report of a death of a young child in Canada which occurred when a television fell off the TV stand."
06-127,All Magnetix Magnetic Building Sets,"CPSC is aware of 34 incidents involving small magnets, including one death and four serious injuries. A 20-month-old boy died after he swallowed magnets that twisted his small intestine and created a blockage. Three children ages ranging from 3 to 8 had intestinal perforations that required surgery and hospitalization in intensive care. A 5-year-old child aspirated two magnets that were surgically removed from his lung."
06-119,Reebok Heart-Shaped Charm Bracelets,"Reebok has received a report of a death caused by lead poisoning of a 4-year-old child from Minneapolis, Minn. The child reportedly swallowed a piece from one of these bracelets."
06-086,Aspen 3 in 1 Cribs with Graco logos,"A child died on January 6, 2006, after two of the mattress support slats came out of his recalled crib. He became entrapped between the mattress and the footboard of the crib and suffocated.Prior to the report of this death, Simplicity Inc. received 14 reports of the mattress supports coming loose, including eight reports of entrapment. Five injuries were reported including scratches and bruises to the face and head, a strained neck and a report of a child turning blue."
04-119,Tonka ride-on toy trucks,"Tek Nek Toys has received six reports of the screw and nut coming loose, including the death of an 18-month-old boy who aspirated a screw."
04-115,TV/VCR carts,"Sauder Woodworking has received 13 reports of these carts tipping over. The firm received a report of the death of a 19-month-old girl in North Wales, Pa., who suffered a fractured skull when the cart and television fell on her. There were four reports of additional injuries involving children and adults. One report involved a skull fracture to a child who recovered, and three reports involved bumps and bruises."
03-189,"""Pack 'n Play"" portable play yards with raised changing tables","The commission and Graco are aware of the death of a 13-month-old girl, who strangled when her neck became trapped between the Pack 'n Play rail and the raised changing table."
03-084,"""Fun Buckets""","Playnation is aware of two incidents where the bucket's rope became entangled around the necks of two 4-year-olds. Both of the children were freed without injury. However, CPSC knows of 135 children who have died in the last 10 years from all types of ropes, leashes or jump ropes that were attached to backyard play sets."
03-081,Dolphin-shaped cigarette lighters,CPSC has received one report of a 2-year-old using one of these lighters to ignite an upholstered chair. The fire resulted in the death of his 6-year-old brother and permanent brain damage to the 2-year old.
02-071,"""Molly"" and ""Betsy"" style wooden cribs",LaJobi has not received any reports of injuries involving these cribs but in the past there have been deaths reported in other firms' cribs with end panel cut-outs.
02-008,"Cosco ""Zip n Go,"" ""Okie Dokie,"" and ""Carters"" playpens","In June 2001, an 11-month-old baby in Elyria, Ohio, died when his chest was caught in the V-shape created by the collapsed sides of his playpen. Dorel Juvenile Group has received 421 reports of rails not locking or collapsing."
01-124,Gladstrong disposable lighters,"CPSC and Gladstrong Investments have received a report of a 4-year-old girl who died after starting a fire with a Gladstrong Investments lighter and then hid in a closet. The fire caused an estimated $72,000 in damages. In another incident, two brothers, a 4-year-old and a 6-year-old, reportedly ignited clothing and paper inside a car while playing with one of these lighters causing about $1,500 in damages. They were not injured."
01-124,Gladstrong disposable lighters,"CPSC and Gladstrong Investments have received a report of a 4-year-old girl who died after starting a fire with a Gladstrong Investments lighter and then hid in a closet. The fire caused an estimated $72,000 in damages. In another incident, two brothers, a 4-year-old and a 6-year-old, reportedly ignited clothing and paper inside a car while playing with one of these lighters causing about $1,500 in damages. They were not injured."
01-094,Home and Roam and Baby Express portable cribs/play yards,"In January 2001, a 9-month-old baby in Longview, Wash., died of asphyxiation when her neck was caught in the V-shape created by the collapsed sides of her crib/play yard. There have been three other deaths and three reports of babies found not breathing (who were revived) associated with these products."
01-016,Chest freezers,"Tragically, 27 children have died from suffocation between 1980 and 1999 after becoming trapped in the freezers. The deaths occurred in non-working freezers stored outside, in basements or garages. Victims ranged in age from two to fourteen. In many cases, more than one child suffocated inside the freezer."
01-500,Mini-hammocks,"No injuries have been reported with these hammocks, but between 1984 and 1995, CPSC received reports of 12 deaths of children in other mini-hammocks."
00-172,Inflatable playrings,CPSC has received one report of a 6-month-old baby found gasping for air after falling asleep face down in the playring. The baby was removed from the playring without injury. CPSC is aware of infant suffocation deaths when their airflow is restricted from contact with soft surfaces.
00-167,Le Cradle bassinets,"Kids Line has received one report of a 3-month-old boy in Oakland Park, Fla. who died when he suffocated after becoming trapped between the bassinet's side and mattress platform. Three other infants were scraped and bruised from contact with the metal frame that became exposed when the fabric separated from the frame."
00-147,Wiggle Waggle CaterpillarTM toys,"CPSC has received one report of a 5-month-old girl in El Paso, Texas, choking to death after one of the small balls attached to these toys lodged in her throat. CPSC also received reports of two children starting to choke on a ball from this toy."
00-107b,Baby hammocks,"No incidents or injuries have been reported in these hammocks, but between 1984 and 1995, CPSC received reports of 12 deaths of children in other mini-hammocks."
00-104,Weed Wizard trimmer heads,"Weed Wizard and CPSC have received 47 reports of metal links detaching from trimmers, resulting in 41 injuries, including the death of a 3-year-old girl in Alabama who was struck in the head by a metal link. The injuries included users and bystanders being struck by metal links in the head, neck, legs, ankles and feet, resulting in penetration wounds and lacerations."
00-098,Graco infant swings,"There have been six deaths. These occurred when parts were missing or the restraints were not used and infants slid down the swings' seats and became tangled in the restraints. In five instances, the swings were second-hand. Of 209 incidents, 181 were reports of infants falling from the swing. In nine of the falls, infants suffered serious injuries including bone fractures and concussions. Twenty-two infants were caught at the neck or chest."
00-093,Little Ones wooden accent lamps,"Kmart has received eight reports of the lamps short circuiting and catching fire, resulting in property damage. One of these fires resulted in more than $15,000 in damages, and another caused more than $3,000 in damages. No injuries or deaths have been reported."
00-022,Nets of Toy Basketball Sets,"Franklin Sports has received one report of a 3-year-old boy getting his head and neck caught in a basketball net. Huffy Sports and Lifetime Products have received no incident reports. No injuries have been reported.In December 1998, Fisher Price, Little Tikes, Ohio Art and Today's Kids recalled 10.1 million toy basketball sets to replace their nets. This recall followed 20 reports of children under 5 getting their heads and necks caught in the nets, including the death of an 18-month-old child."
00-023,USA Olympic brand boys jackets,"J.C. Penney is not aware of any injuries or incidents involving these jackets. Since 1991, CPSC knows of 6 deaths and 8 injuries to children from coat drawstrings catching in bus or car doors."
00-019,Lil' Napper infant swings,These swings were recalled in 1997 following reports of three deaths and one near strangulation from entanglement in the swings' shoulder harness straps. CPSC and Century have since become aware of a fourth death to an 8-month old infant girl in Texas.
99-110,Stacking ring toys,IKEA has received one report of a 4-year-old boy in Europe choking to death on the top ball portion of the stacking ring toy. No other injuries have been reported.
99-063,"Mattresses sold with Cosco model ""M"" tubular metal cribs",Cosco has received 12 complaints of mattresses compressing and entrapping babies. An 11-month old baby boy died after becoming entrapped.
99-036,Nets of Toy Basketball Sets,"Since 1988, CPSC and the manufacturers have received 20 reports of children under 5 years old getting their heads and necks caught in the nets of toy basketball sets. In 1992, an 18-month-old child died after becoming entangled in a partly unhooked net."
99-021,Playskool Travel-Lite portable crib,"The crib's top rails can collapse, entrapping children and suffocating them. In all, six children have died in Playskool Travel-Lite portable cribs."
99-018,Wooden Bunk Beds,"CPSC is not aware of any deaths associated with the beds being recalled by these five manufacturers. However, since 1990, 39 children have died from becoming entrapped in wooden or metal bunk beds with similar spaces on the top bunk. Thirty-seven of those children were 3 years old or younger. Since 1994, more than half a million hazardous bunk beds have been recalled."
98-156,"""Playskool Travel-Lite"" portable cribs","According to the Asbury Park Press newspaper, a 10-month-old New Jersey infant died on Wednesday after becoming trapped in a collapsed Playskool Travel-Lite portable crib. CPSC issued this same warning in June, following the death of a 17-month-old Chicago toddler in the Playskool Travel-Lite portable crib."
98-145,Servel gas refrigerators,"There have been at least 39 incidents in the U.S. involving these old Servel gas refrigerators, causing 22 carbon monoxide-related deaths and 55 injuries nationwide. There also have been incidents reported in Ontario, Canada, causing 60 deaths."
98-128,"""Playskool Travel-Lite"" portable crib","In May of 1998, a Chicago toddler died after a Playskool Travel-Lite portable crib collapsed. Twelve children have died from suffocation in collapsed play yards and portable cribs manufactured by various firms."
98-024,Wooden Clown Toys,BRIO has received one report of a 22-month-old child in Germany reportedly choking to death on the clown's hat. No other injuries or complaints have been reported.
97-193,Wooden and metal bunk beds,"Since 1990, CPSC has received reports of 35 children who died from becoming caught in the top of wooden bunk beds. Thirty-four of those children were 3 years old or younger. In addition, CPSC has received reports of five children who died from becoming caught in the top of metal bunk beds. All five children were 2 years old or younger. A recent death occurred on April 24, 1997. A 3-year-old girl died from becoming caught in a wooden bunk bed manufactured by Heartland Furniture. CPSC is not aware of any additional deaths related to the other manufacturers and importers participating in this recall."
97-180,Century Lil' Napper infant swings,CPSC and Century were aware of three deaths and one near-strangulation that occurred when children from 6 to 9 months old became entangled with the harness straps around their necks.
97-173,Halogen Torchiere Floor Lamps,CPSC is aware of at least 189 fires and 11 deaths since 1992 involving halogen torchiere floor lamps.
97-159,Infant toy for crib,"CPSC and Al-Dan Trading are not aware of any injuries involving the recalled toys.However, the Commission is aware of at least three deaths resulting from the use of similar toys. This recall is being conducted to prevent future deaths and injuries."
97-154,Cosco Full-Size Metal Baby Cribs,"Cosco has received more than 47 reports of cribs being mis-assembled with the mattress platform being used as a side rail, including 27 reports of babies becoming entrapped, resulting in one death."
97-146,Fully Operational Portable Play Yards,"Evenflo and CPSC are aware of three deaths involving the play yards. In two incidents, the hinges collapsed and entrapped the child and in one incident an infant was placed into a broken play yard. Evenflo has received 107 reports of children receiving cuts and bruises from broken hinges."
97-116,Garage Door Openers,The Chamberlain Group is aware of a 4-year old boy in Puerto Rico who died from being caught in a swinging door operated by a Sears Craftsman garage door opener when the safety reversing sensor did not operate.
97-095,Bunk Beds,"CPSC has received reports of 34 children who died from becoming caught in spaces in the top of wooden bunk beds. Thirty-three of those children were 3 years old or younger. In addition, CPSC has received reports of four children who died from becoming caught in spaces in the top of metal bunk beds. All four children were 2 years old or younger."
97-032,Wooden bunk beds,"Since 1990, CPSC has received reports of 32 children who died from becoming caught in bunk beds with similar spaces in the top bunk. Thirty-one of those children were ages 3 and under. The most recent death occurred on September 28, 1996. A 3-year-old boy died from becoming caught in a bunk bed manufactured by the Bedder Bunk Company."
97-028,Portable Cribs/Playpens,"The CPSC is aware of 7 babies who strangled in collapsed portable playpens with similar top rail designs made by three other manufacturers. The most recent of these deaths occurred on October 15, 1996."
97-026,Travel Playards (also known as playpens),"An 18-month-old boy died recently in Centreville, Va., when a Century playard collapsed."
97-002,Deluxe Baby Monitor,"Gerry is aware of one fire without injuries involving a Model 602 monitor with this manufacturing error. This information was brought to CPSC's attention by a member of the International Association of Arson Investigators (IAAI). In addition, CPSC has also received reports alleging Model 602 Baby Monitor involvement in two other fires, including one with a fatality and an injury, and 13 incidents of the monitors getting warm to the touch, including one skin burn. Gerry stated that only one report (no injuries) of these 16 claims was conclusively determined to have been caused by the Model 602 monitor."
96-183,EZ Sales Hammocks,"Between 1984 and 1995, CPSC received reports of 12 children between the ages of five and 17 years old who became entangled and died when using net mini-hammocks without spreader bars. CPSC is also aware of an injury to a seven-year-old girl who suffered permanent brain damage from a near-strangulation in a mini-hammock. Another near-fatal incident involved a five-year-old boy who was found entangled in a mini-hammock but was resuscitated by his mother."
96-125,Mini-Hammocks,"Between 1984 and 1995, CPSC received reports of 12 children between the ages of 5 and 17 years old who became entangled and died when using net mini-hammocks without spreader bars. CPSC is also aware of an injury to a seven-year-old girl who suffered permanent brain damage from a near-strangulation in a mini-hammock. Another near-fatal incident involved a five-year-old boy who was found entangled in a mini-hammock but was resuscitated by his mother."
96-093,Bean Bag Chairs,"CPSC is aware of 5 deaths from suffocation and at least 23 cases where children recovered from their injuries involving zippered bean bag chairs. The children who died unzipped the bean bag chairs, crawled inside, inhaled and ingested the small pellets of foam filling. In other cases children choked while playing with pellets from unzipped bean bag chairs which clogged their mouths and noses. None of these deaths and incidents involved bean bag chairs manufactured by Meri-Jon Artist Colony."
96-014,Electric hair dryers,"Each year, between 15 and 20 people are electrocuted by hand-held hair dryers. Most of these deaths occurred when a hair dryer was immersed in water while the victim was bathing. About half of the electrocutions involved children under ten years old."
95-175,Wooden bunk beds,"Although CPSC is not aware of any deaths or injuries related to Catalina bunk beds, the Commission is aware of one incident in which a three-year-old child slipped between the guardrail and mattress of a Catalina Model No. 3892 bunk bed and became entrapped by the head. The child was rescued and did not sustain any injuries."
95-174,Wooden bunk beds,"From 1990 through 1995, CPSC received reports of 26 children who died from becoming caught in bunk beds with similar spaces in the top bunk. Neither CPSC nor the manufacturers are aware of any deaths associated with the products listed below."
95-142,Zippered bean bag chairs,"CPSC is aware of 5 deaths from suffocation and at least 27 cases where children recovered from their injuries involving zippered bean bag chairs. The children who died unzipped the bean bag chairs, crawled inside, inhaled and ingested the small pellets of foam filling. In other cases children choked while playing with pellets from unzipped bean bag chairs which clogged their mouths and noses. None of these deaths and incidents involve bean bag chairs manufactured by the firms listed here."
95-118,Wooden bunk beds,"From 1990 through 1994, CPSC received reports of 24 children who died from becoming caught in bunk beds with similar spaces in the top bunk. Nineteen of those children were ages two and under, and four were three years of age. Neither CPSC nor the manufacturers are aware of any injuries or deaths associated with the products listed here."
95-093,Zippered bean bag chairs,"CPSC is aware of 5 deaths and at least 27 other incidents in which children and toddlers have inhaled or ingested the bean bag filling. In some cases, the children unzipped the bean bag cover, crawled inside, and suffocated from inhaling the small pellets of foam filling. In other cases, children choked while playing while escaping, adhering pellets which clogged their mouths and noses."
95-076,Crib side rails,"In September 1993, a child died in an Okla Homer Smith crib with a missing slat that was used in a homeless shelter. The company has received additional complaints of loose or missing slats, a few of which have resulted in minor injuries (scratches and bruises) to children."
95-059,Animal Swings,"The swings, which were installed from 1951 to 1991, were involved in the 1985 death of a 2-year-old in California and the 1994 death of a 6-year-old in Pennsylvania. These children were struck on the head as they walked near the swings. CPSC also has reports of 42 children who suffered head injuries after being struck by these swings. The injuries included skull fractures, concussion and brain damage, serious lacerations and contusions, and one child who lost sight in an eye."
95-056,"""Home and Roam"" and ""Baby Express"" portable crib/playpens",There have been two deaths and two more reports of babies found not breathing (who were revived) associated with these products.
94-038,"""Fem-Plus"" nutritional supplements","Neither Enzymatic Therapy, Inc. nor the Commission is aware of any poisoning incidents due to the Fem-Plus iron capsules. However, the Commission is aware of several ingestions and at least 25 deaths since 1990 from other iron-containing products, as reported by the National Association of Poison Control Centers."
93-111,"Baby Trend and Baby Express ""Home and Roam"" portable mesh-sided playpen",There have been four reports that these products have collapsed with infants inside the playpens. One incident resulted in the death of a one-year-old child. In two of the incidents the child was found not breathing but was revived.
93-101,"""Natural Amino Acid Chelated Iron,"" ""Gentle Iron Vegicaps,"" ""Hematinic Formula,"" ""Prenatal Nutrients,"" and ""Trace Elements""","Neither Solgar Co., Inc. nor the Commission is aware of any poisoning incidents due to the Solgar brand iron tablets or capsules. However, the Commission is aware of several ingestions and at least 11 deaths in 1991 from other iron-containing products, as reported by the National Association of Poison Control Centers."
93-043,"Playskool Travel-Lite Portable Cribs, models 77101 and 77103",The Commission has received three reports of infant deaths due to suffocation in these cribs. In each case an infant allegedly was found entrapped in a folded crib.
93025,"""Vita-Worth"" brand iron tablets","Neither the recalling firm nor the Commission is aware of any poisoning incidents due to the Vita-Worth brand iron tablets. However, the Commission is aware of several ingestions and at least 11 deaths in 1991 from iron containing products, as reported by the American Association of Poison Control Centers."
93011,"""Jack-O-Lantern Votive Lite""",Neither the recalling firm nor the Commission is aware of any ingestion or poisoning incidents due to the Sundown brand liquid candles. The Commission is aware of several ingestions and at least one death since 1990 from similar products.
92-076,Cosco Metal Toddler Beds,"Cosco has received approximately 50 reports, including that of one death, of children becoming entrapped between arches or between the mattress and an arch of the head-or footboards of these beds."
92-051,"Lexington Furniture Industries ""Rainbow,"" ""Color Plus,"" and ""Perimeter"" Collections","The CPSC was informed of this potential hazard by Devan Designs, Inc. after the report of a death which occurred when a five-drawer dresser fell on top of a 20-month-old child."
92-010,Decorator Cube,CPSC and the firms are now aware of a total of three deaths involving young children allegedly associated with these cubes. These incidents occurred from February 1990 to October 1991.
91-103,Patriot Missile Launcher fireworks devices,The CPSC learned of the potential hazard as a result of a report from a retailer of the device and from investigating a death of a three-year-old boy in the State of Kentucky. The young boy allegedly was struck in the head with a ball from a Patriot Missile Launcher which reportedly tipped over while firing.
91-099,"""WORM GETT'RS"" Worm Probes","Twenty-eight persons, most of them children, have died using ""functionally equivalent"" worm probes."
91054,Decorator Cube,It was reported that a 14-month-old child died when a cube's lid allegedly fell on him.
90-083,"""Baby's Cloud"" infant cushions",The Commission has received 19 reports that an infant was found dead lying face-down on an infant bean bag cushion. None of the reported deaths involves a U.S. Mom's product.
90-090,"""Baby Jacks"" Bean Bag cushions","The Commission has received 19 reports that an infant was found dead lying face-down on an infant bean bag cushion, of which one (1) death allegedly involves a Jumping-Jacks product."
90-089,"""Comfort Tote"" and ""Comfy Tot"" infant cushions and ""Cushie Comfort"" pillow",CPSC has received 19 reports involving infants three months of age or younger found dead lying face-down on an infant bean bag cushion. At least five of the deaths reportedly involved cushions made by Comfort Products.
90-084,"""Sof-Sak"" infant bean bag cushions","CPSC has received one report of a death of an infant found face-down after being left to sleep on the ""Sof- Sak."" The Commission has received 18 other reports of infant deaths on similar infant cushions made by other manufacturers."
90-077,Baby-Minder bean bag infant cushion,"Although no deaths have been reported involving the Baby-Minder, the Commission has received reports of 19 infants being found dead lying face down on similar products made by other firms."
90-081,Baby Sak bean bag infant cushions,"Although no deaths have been reported involving Baby Sak, the Commission has received reports of 19 infants being found dead lying face down on similar products."
90-080,"""Support Sack"" bean bag infant cushions",The U.S. Consumer Product Safety Commission has received reports of 19 infant deaths involving this type of infant cushion although there are no known deaths with cushions sold by AAFES.
90-079,"""Support Sack"" And ""Cozy Cushion"" Bean Bag Infant Cushions","The Commission has received 19 reports that an infant was found dead lying face-down on an infant bean bag cushion. None of the reported deaths involves products sold by Gold, Inc. or Pinky Baby Products."
90-074,"""Mothers Helper"" infant cushion",CPSC has received 9 reports of deaths involving infants 3 months of age or younger found face down after being left to sleep on the Mothers Helper. The Commission has received 10 other reports of infant deaths on similar infant cushions made by other manufacturers.
90-073,"""Support Sack"" infant cushions",CPSC has received 19 reports that an infant was found dead lying face-down on similar bean bag infant cushions. None of the reported deaths involve products sold by J.C. Penney.
89-076,Hand-held hair dryers,We estimate that 17 Americans are electrocuted each year in accidents involving hand-held hair dryers. Ten of those yearly deaths involve children under 10 years old.
88-117,Expandable wooden accordion style enclosures,These enclosures have been involved in at least seventeen incidents resulting in four deaths.
88-064,Baby Guards Disney Hand Holder No.9560; and Baby Guards Sesame Street Hand Holder No. 9562,"Neither Hasbro, Inc. nor CPSC is aware of any injuries or deaths associated with these products."
88-035,Toycraft Stuffed Teddy Bear,A 2 year old child died of asphyxiation when the plastic nose from the teddy bear lodged at the base of her larynx.
88-030,"C&T ""Circus America"" mesh-sided playpen, model 585","The Commission is aware of a number of deaths and injuries involving mesh-sided playpens with drop sides produced by firms other than C&T. Eleven infants are known to have died when left unattended in playpens with a drop side down. These children suffocated when they rolled into a mesh pocket created by the lowered drop side. The Commission is also aware of several incidents in which children's fingers were crushed when they attempted to climb into a playpen grasping the folded drop side locking system. The playpens involved in these incidents were not manufactured by C&T; however, some of the playpens sold by C&T are similar to the playpens involved in the incidents and present the same hazards."
88-026,"Colorforms #150 Story Book Puzzles, and Crib Pals Shake and Twist Baby Rattles, #098132",The CPSC and Toys-R-Us have not received reports of any injuries or deaths involving the Colorforms puzzles or the Shake and Twist baby rattles.
87-080,Flying Animal Swings,The Complaint alleges that there have been seven (7) cases of serious head injuries and one (1) fatality when children were struck by the swing.
87-072,United Furniture bunk beds,"The Commission is aware of four deaths of children which occurred where the mattress and foundation of bunk beds became dislodged and fell on them. The bunk beds in these incidents were not manufactured by United Furniture. However, bunk beds sold by United Furniture have a mattress support system similar to three of the beds involved in the incidents."
87-056,"""Powerball"" premium ball",General Mills said the ball was reportedly involved in the accidental choking death of a one-year-old child. Four other incidents involving balls in the mouths of young children that did not result in injury were also reported to the firm.
87-019,Baby Walker,"The Commission and Service Merchandise are aware of at least 5 incidents involving seat strap slippage, one of which was associated with an infant death."
87-006,Ambi Mini Racer,The CPSC is not aware of any report of deaths or injuries involving this toy.
86-038,"""Flying Gym"" playground swings","A ten-year-old boy in Seattle, Washington died from injuries received after part of a ""Flying Gym"" swing fell and struck him in December 1984."
86-036,Baby Crib Toys,"The Complaint alleges two young children have strangled on the toys. A 10 month old boy died in Temple Hills, Maryland, in October, 1984, when he became entangled in the strings tying a Soft Triplet toy across his crib. A seven month old girl died in Coronado, California in December, 1985, when she was caught by the neck on top of a Triplet stretched across her crib."
86-022,Brawny Bunk Bed,"The recently reported second death involved a 21-month-old Pennsylvania child reportedly playing under a Brawny bunk bed with his 3-year-old brother in September 1985. The mattress assembly was dislodged and fell on the younger child. The bunk beds were set up as twin beds at the time of the accident, but did not have cross wires to prevent the mattress assembly from falling through the bed frame. In December 1983, a two-year-old Denver boy died under similar circumstances."
86-021,Woodworks Lace Up Horse,Neither CPSC nor Reeves know of any injuries or deaths associated with this product.
86-005,CHUPETE AND BABY brand Pacifiers,"Neither Dan Brechner & Co., Inc., nor the CPSC know of any injuries or deaths associated with these pacifiers."
85-061,Slant-sided metal refuse bins,"Before the ban was issued, the Consumer Product Safety Commission had investigated 19 incidents of refuse bin tip-over, involving 21 victims, 20 of them children younger than ten years old. At the time, thirteen children had died from being crushed by unstable refuse bins."
85-039,Dropside mesh-sided cribs and playpens,Fifteen young children have died when left in a dropside mesh-sided crib or playpen with a side down since 1978. Nine children died in playpens and six children in cribs. Seven of the victims were six weeks old or younger.
85-033,"Slotted mattress support hangers and plastic brackets for Questor ""Baby Line"" cribs",Two deaths and 14 other instances where the slotted hangers became unhooked and 17 instances of plastic brackets breaking or bending have been reported to the Commission.
85-031,Crib Cuddle,The firms and the Commission are aware of one death and two near-misses in which a baby under two months of age was found with his head over an edge of the hammock.
85-006,V-Shaped Accordion Style Baby Gates,"This action was taken by the Commission after an eighth death involving an accordion style gate occurred in Meridian, Idaho, in October, 1984. In that incident, an 11-month old infant died from strangulation when his head became entrapped in a diamond-shaped opening in the body of an accordion style gate. Since 1975, the Commission is aware of seven additional deaths when children's heads became entrapped either in the V-shaped openings along the top edge or in the diamond-shaped opening of the accordion style gates. There have been at least another 23 non-fatal incidents associated with these gates."
84-058,#155 Play Gym,In late March the Company received a report that a one-year old child died when a hooded sweater became entangled on a #155 Play Gym. A previous death was reported in May 1980 due to a child's clothing catching on a Play Gym.
84-050,Children's expandable enclosure,"The Complaint further alleges that 3 deaths, 1 incident of severe brain damage, and 6 incidents involving minor or no injury are associated with the enclosures."
84-025,Patton Model HF-10 and Sears Model 201-7208 portable electric space heaters,"The CPSC has under investigation six incidents of fire, including one involving the death of an 18 month old baby, in houses where these heaters were being used."
84-013,Candlelite and Mandalay cribs,"The cribs have been associated, to date, with nine known deaths - five with Candlelite and four with Mandalay."
83-041,Children's circular expandable wooden enclosures,"Since 1980, the Commission staff has conducted investigations of three deaths and one incident of brain damage involving unsupervised children whose necks became entrapped in the V-openings along the top edge of the enclosures, apparently as they were attempting to climb out of the enclosures. In addition, the staff has investigated or received reports of 4 incidents involving minor or no injuries to children whose heads became entrapped in the diamond shaped openings in the sides of the enclosures."
83-010,M.R. Lane Jiffy A-4 Tennis Net Tightener,The Commission is aware of 18 injuries and one fatality which occurred when an 11-year-old girl was struck on the neck while adjusting the lever. The other incidents include facial and mouth injuries.
82-054,"Crib Mates ""Popeye"" and ""Olive Oyl"" squeeze toys, and Baby World Company ""Squeeze Me"" animal squeeze toys","Similar shaped squeeze toys manufactured by another company have been involved in choking deaths. While the squeeze toys described in these recalls have not been involved in any known choking incidents, the handles are small enough to lodge in an infant's throat and obstruct the airway."
82-047,"""Happy-Mates'' squeeze toys","Although these particular toys have not been involved in any choking incident known to CPSC, similar shaped toys have been involved in choking deaths."
82-040,"""Stralighter"" non-full size baby cribs",A nine-month-old baby died as a result of asphyxiation when her neck became entrapped in the crib slats.
82-036,Wooden baby rattles,"To date there have been no reported injuries involving Montgomery Schoolhouse rattles. However, similar rattles have been involved in 10 fatalities and 19 choking incidents since 1943."
82-023,Hydro Air suction drain cover fittings,"Three incidents have occurred when pre-teenage girls put their heads under water and their long hair became entangled in the suction drain cover fitting. Two incidents resulted in death by drowning, and in one incident the victim was pulled free."
82-008,Creative Playthings Indoor Gym House,"The firm first took corrective action for the product in February, 1980, after learning of an accidental death and an incident causing brain damage which later resulted in death to a child playing with the product. The replacement program was conducted in cooperation with the U.S. Consumer Product Safety Commission which advised the firm of the death of a two-year-old California boy on February 9, 1982, in an accident associated with a Creative Playthings Indoor Gym House."
80-030,Albert E. Price. stuffed mobile toys,"Although no deaths or injuries have been associated with these toys, a similar toy imported by another firm was involved last year in the strangulation of an 11-month-old baby girl when she became entangled in the elastic cords suspending it from her crib."
80-018,"Infant toys known as ""crib exercisers"" or ""baby chains""",No injuries or deaths involving this toy have been reported to the firm or to CPSC.
80-015,Night Lights,No deaths or injuries have been reported to the company or to CPSC.
80-006,"""Mandalay"" and ""Candlelite"" style cribs","The ""Candlelite"" and ""Mandalay"" style cribs have reportedly have caused six infant deaths since 1977."
79-066,"""Mandalay"" and ""Candlelite"" style cribs","The ""Candlelite"" and ""Mandalay"" style cribs have reportedly have caused six infant deaths since 1977."
79-001,"""Battlestar Galactica"" space toys with missiles","Although all of the products meet or exceed all existing and ration proposed safety standards, there have been instances of accidental swallowing or aspiration of a missile including one reported death of a four-year-old child."
78-103,Riviton Construction Toy,Parker Brothers had made the decision to voluntarily withdraw this product from the market because of two accidental deaths associated with the product. The company reached this decision after the recent death of a 9-year-old child was attributed to the choking on a rubber fastening rivet from the Riviton Construction Toy.
78-020,"Wham-O ""Water Wiggle"" toy","Wham-O stated that the recall is occasioned by the death of a four-year-old child in March 1978. The youngster was playing with some other children in his backyard with a dismantled ""Water Wiggle,"" one from which the bell-shaped head had been removed or had come off. The exposed aluminum nozzle became lodged in his mouth and he drowned. Wham-O stated that it had no knowledge of how or why the toy was dismantled or how the nozzle became lodged in the child's mouth. A ""Water Wiggle"" was involved in a similar death of a three-year-old boy in 1975."
76-041,Pacifiers known as Chupetes,The Commission learned of the hazard through the death of a five-month-old boy in New York in mid-February. The plastic shield caught in the child's throat and death was caused by complications ensuing from asphyxia.
76-014,Baby pacifiers known as Chupetes,The Commission learned of the hazard through the death of a five-month old. boy in New York in mid-February. The plastic shield caught in the child's throat and death was caused by complications ensuing from asphyxia.
26-367,â€œRelaxing Babyâ€  Swim Floats,CPSC is aware of a drowning death of a two-year-old child who was using the hazardous floats.
26-097,Fasando-branded baby lounger,CPSC is aware of an infant death in 2025 occurring in a Fasando-branded baby lounger. A two-month-old was reportedly found unresponsive after being placed to sleep in a Fasando-branded baby lounger on top of an adult bed.
26-020,OasisSpace Bed Rails,"In October 2023 in Ohio, an 81-year-old woman died at her home after becoming entrapped between an OasisSpace bed rail and the mattress."
25-018,Magnetic Chess Games,"CPSC estimates 2,400 magnet ingestions were treated in hospital emergency departments annually from 2017 through 2021. CPSC is aware of eight deaths since 2005 through 2021 involving the ingestion of hazardous magnets, including two outside of the United States."
24-338,"Mamibaby, Yoocaa, DHZJM, Cosy Nation and Hyhuudth  loungers","CPSC is aware of a total of five infant deaths reported as occurring in Mamibaby, Yoocaa and DHZJM- branded baby loungers.Mamibaby: Two infants, aged 10-days and five-months old, died in 2020 and 2021 in Mamibaby-branded baby loungers when the products were used for bedsharing. Yoocaa: Two infant deaths were reportedly associated with Yoocaa-branded baby loungers, including one in 2021 involving a three-month-old who was reportedly placed in a Yoocaa-branded baby lounger on top of an adult bed, and then found fatally entrapped between the adult bed and the bedroom wall. The other death occurred in 2022, involving a four-month-old who was reportedly found unresponsive after being placed to sleep in a Yoocaa-branded baby lounger with a blanket.DHZJM: The fifth infant death occurred in 2020 in a DHZJM-branded baby lounger involving a four-month-old who was reportedly found unresponsive and face down on a blanket that was placed on top of the lounger. This death was previously reported in a CPSC warning on June 6, 2024."
24-252,DHZJM Baby Loungers,"CPSC is aware of an infant death in 2020, which authorities reported as occurring in a DHZJM branded baby lounger. A four-month-old was reportedly found unresponsive and face down on a blanket that was placed on top of the lounger."
24-240,Neodymium Magnetic Bracelets,"CPSC estimates 2,400 magnet ingestions were treated in hospital emergency departments from 2017 through 2021. CPSC is aware of seven deaths since 2005 involving the ingestion of hazardous magnets, including two outside of the United States."
24-052,TOCTOC Magnetic Ball Sets,"CPSC estimates 2,400 magnet ingestions were treated in hospital emergency departments from 2017 through 2021. CPSC is aware of seven deaths involving the ingestion of hazardous magnets, including two outside of the United States."
24-044,Carrara Magnetic Ball Sets,"CPSC estimates 2,400 magnet ingestions were treated in hospital emergency departments from 2017 through 2021. CPSC is aware of seven deaths involving the ingestion of hazardous magnets, including two outside of the United States."
24-035,Allvreâ€™s 216-Piece 5mm Magnetic Ball Sets,"CPSC estimates 2,400 magnet ingestions were treated in hospital emergency departments from 2017 through 2021. CPSC is aware of seven deaths involving the ingestion of hazardous magnets, including two outside of the United States."
23-219,Boppy Newborn Loungers,"Shortly after the September 2021 recall, two additional infants died in Newborn Loungers that were part of an unsafe sleep environment. One death occurred in October 2021. In the incident, an infant was reportedly placed on the lounger for sleep and then rolled underneath a nearby adult pillow. The cause of death was positional asphyxia. In November 2021, an infant was placed on a Newborn Lounger in an adult bed with a parent and soft bedding and was later found deceased on the lounger. The cause of death was undetermined."
23-051,LUMI and MINI Infant  Flotation Rings,One infant has died by drowning and one infant was seriously injured after slipping through an Otteroo infant flotation ring. The death occurred in 2020 in Maine and involved a six-month old. The serious injury occurred in 2020 in New York and involved a three- month old.CPSC is aware of 68 incidents where infants slipped through the head opening of the flotation ring and required immediate rescue by a caregiver.
23-047,â€œMy Bouncer Little Castleâ€ ,"CPSC is aware of one fatal incident where a four-year old boy was found with the hoop of the bounce house around his neck. The hoop became entangled and twisted, constricting the boy's airway, resulting in strangulation and death. The agency is also aware of one additional report of a child being entrapped in the hoop but avoiding injury."
22-148,Mobility Transfer Systems Adult Portable Bed Rails,"At least three people have died after becoming entrapped in one model of the bed rails. They include a 78-year-old woman in a Michigan assisted living facility in 2006, an 85-year-old man in an Oklahoma nursing home in 2007, and a 90-year-old disabled woman in California in 2013."
22-056,"Podster, Podster Plush, Bummzie and Podster Playtime (the â€œPodstersâ€ ) Infant Loungers","CPSC is aware of two infants who were placed on a Podster and suffocated when, due to a change in position, their noses and mouths were obstructed by the Podster or another object. The infants, 17- days old and four-months old, died in January 2018 and December 2015 in the U.S."
21-122,"Adult Portable Bed Rails Manufactured by Bed Handles, Inc. models AJ1, BA10W, and BA11W","The CPSC announced a recall of a previous version of the bed rails in both 2014 and 2015, due to an entrapment hazard. These bed rails, manufactured between 1994 and 2007, were sold without retention straps. Four people died after becoming entrapped in the bed rail; all four victims were elderly or disabled individuals. Since 2007, the bed rails have been sold with retention straps, but CPSC has found that the straps do not adequately protect consumers."
08-378,Simplicity Bassinets,"CPSC has learned that on August 21, 2008, a 5-month-old girl from Shawnee, Kan. was strangled to death when she became entrapped between the bassinet's metal bars. This is the second strangulation death CPSC has learned of in the close-sleeper bassinets. On September 29, 2007, a 4-month-old girl from Noel, Mo. became entrapped in the metal bars of the bassinet and died."
77-098,"""""Zipper"""" amusement ride","Four deaths and two serious injuries have resulted when the door of the """"Zipper"""" car opened in mid-air causing the victims to fall to the ground."
